<?xml version="1.0"?>
<data grt_format="2.0">
  <value _ptr_="000001489B0AA2D0" type="list" content-type="object" content-struct-name="db.mgmt.ServerInstance">
    <value type="object" struct-name="db.mgmt.ServerInstance" id="{8DF88727-7039-492A-8F8F-EAE5EB9F258F}" struct-checksum="0x367436e2">
      <link type="object" struct-name="db.mgmt.Connection" key="connection">{A96F83CE-0CAD-40BB-A6CD-C4C9481326A0}</link>
      <value _ptr_="000001489C331380" type="dict" key="loginInfo">
        <value type="string" key="wmi.hostName"></value>
        <value type="string" key="wmi.userName"></value>
      </value>
      <value _ptr_="000001489C330480" type="dict" key="serverInfo">
        <value type="int" key="setupPending">1</value>
        <value type="string" key="sys.config.path">C:\ProgramData\MySQL\MySQL Server 8.0\my.ini</value>
        <value type="int" key="sys.config.path.lock">1</value>
        <value type="string" key="sys.config.section">mysqld</value>
        <value type="string" key="sys.mysqld.service_name">MySQL80</value>
        <value type="string" key="sys.preset">Custom</value>
        <value type="string" key="sys.system">Windows</value>
        <value type="int" key="windowsAdmin">1</value>
      </value>
      <value type="string" key="name">Local MySQL80</value>
    </value>
    <value type="object" struct-name="db.mgmt.ServerInstance" id="{16F80881-0673-4E66-A5B7-59511A905278}" struct-checksum="0x367436e2">
      <value _ptr_="000001489C3316E0" type="dict" key="loginInfo">
        <value type="string" key="ssh.port">22</value>
        <value type="int" key="ssh.useKey">0</value>
        <value type="string" key="wmi.hostName">127.0.0.1</value>
        <value type="string" key="wmi.userName"></value>
      </value>
      <value _ptr_="000001489C331560" type="dict" key="serverInfo">
        <value type="int" key="remoteAdmin">0</value>
        <value type="string" key="serverVersion">8.0.36</value>
        <value type="string" key="sys.config.path">C:\ProgramData\MySQL\MySQL Server 8.0\my.ini</value>
        <value type="string" key="sys.config.section">mysqld</value>
        <value type="string" key="sys.mysqld.service_name">MySQL80</value>
        <value type="string" key="sys.preset"></value>
        <value type="string" key="sys.system">Windows</value>
        <value type="int" key="windowsAdmin">1</value>
      </value>
      <value type="string" key="name"> instance</value>
    </value>
  </value>
</data>
